{
  "data_asset_type": "Dataset",
  "expectation_suite_name": "default",
  "expectations": [
    {
      "expectation_type": "expect_column_to_exist",
      "kwargs": {
        "column": "Salary"
      },
      "meta": {}
    },
    {
      "expectation_type": "expect_column_mean_to_be_between",
      "kwargs": {
        "column": "Salary",
        "max_value": 100000,
        "min_value": 10000
      },
      "meta": {}
    },
    {
      "expectation_type": "expect_column_values_to_be_between",
      "kwargs": {
        "column": "Salary",
        "max_value": 500000,
        "min_value": 0
      },
      "meta": {}
    },
    {
      "expectation_type": "expect_column_values_to_not_be_null",
      "kwargs": {
        "column": "Salary"
      },
      "meta": {}
    },
    {
      "expectation_type": "expect_column_values_to_match_regex",
      "kwargs": {
        "column": "Country",
        "regex": "America|India|Another|China"
      },
      "meta": {}
    },
    {
      "expectation_type": "expect_column_values_to_be_of_type",
      "kwargs": {
        "column": "Salary",
        "type_": "int"
      },
      "meta": {}
    }
  ],
  "ge_cloud_id": null,
  "meta": {
    "great_expectations_version": "0.13.33"
  }
}